Symbol,Description,Category2,Category3,GICS Sector,Market cap,Dividend yield,Price to TTM earnings,Price to TTM sales,Price to book value,Action
AAPL,Apple Inc,Common stocks,Large cap,Information Technology,"$2,403,239,386,260 ",0.60%,0,0,0,Analyze
MSFT,Microsoft Corp,Common stocks,Large cap,Information Technology,"$1,845,578,460,992 ",1.02%,0,0,0,Analyze
GOOG,Alphabet Inc Class C,Common stocks,Large cap,Communication Services,"$1,189,520,100,000 ",0.00%,0,0,0,Analyze
AMZN,Amazon.Com Inc.,Common stocks,Large cap,Consumer Discretionary,"$960,281,707,587 ",0.00%,0,0,0,Analyze
BRK.B,Berkshire Hathaway Inc. Class B,Common stocks,Large cap,Financials,"$696,358,402,118 ",0.00%,0,0,0,Analyze
TSLA,Tesla Inc,Common stocks,Large cap,Consumer Discretionary,"$574,051,712,244 ",0.00%,0,0,0,Analyze
UNH,Unitedhealth Group Inc,Common stocks,Large cap,Health Care,"$494,934,047,459 ",1.17%,0,0,0,Analyze
XOM,Exxon Mobil Corp,Common stocks,Large cap,Energy,"$467,879,315,560 ",3.08%,0,0,0,Analyze
JNJ,Johnson & Johnson,Common stocks,Large cap,Health Care,"$462,789,743,275 ",2.49%,0,0,0,Analyze
WMT,Walmart Stores Inc,Common stocks,Large cap,Consumer Staples,"$413,704,146,358 ",1.45%,0,0,0,Analyze
NVDA,Nvidia Corp,Common stocks,Large cap,Information Technology,"$411,323,100,000 ",0.10%,0,0,0,Analyze
JPM,JP Morgan Chase & Co,Common stocks,Large cap,Financials,"$400,323,803,114 ",2.91%,0,0,0,Analyze
V,Visa Inc Class A,Common stocks,Large cap,Information Technology,"$400,257,477,541 ",0.74%,0,0,0,Analyze
CVX,Chevron Corp,Common stocks,Large cap,Energy,"$356,253,565,715 ",3.05%,0,0,0,Analyze
PG,Procter & Gamble,Common stocks,Large cap,Consumer Staples,"$349,356,397,089 ",2.44%,0,0,0,Analyze
LLY,Eli Lilly,Common stocks,Large cap,Health Care,"$343,698,349,988 ",1.08%,0,0,0,Analyze
MA,Mastercard Inc Class A,Common stocks,Large cap,Information Technology,"$332,533,892,214 ",0.56%,0,0,0,Analyze
HD,Home Depot Inc,Common stocks,Large cap,Consumer Discretionary,"$329,138,288,689 ",2.27%,0,0,0,Analyze
META,"Meta Platforms, Inc.",Common stocks,Large cap,Communication Services,"$301,925,600,000 ",0.00%,0,0,0,Analyze
BAC,Bank of America Corp,Common stocks,Large cap,Financials,"$301,723,676,509 ",2.24%,0,0,0,Analyze
ABBV,Abbvie Inc,Common stocks,Large cap,Health Care,"$281,878,108,170 ",3.49%,0,0,0,Analyze
PFE,Pfizer Inc,Common stocks,Large cap,Health Care,"$274,210,415,132 ",3.24%,0,0,0,Analyze
KO,Coca-Cola,Common stocks,Large cap,Consumer Staples,"$270,844,265,724 ",2.75%,0,0,0,Analyze
MRK,Merck & Co Inc,Common stocks,Large cap,Health Care,"$270,830,997,943 ",2.55%,0,0,0,Analyze
PEP,Pepsico Inc,Common stocks,Large cap,Consumer Staples,"$254,986,420,402 ",2.38%,0,0,0,Analyze
COST,Costco Wholesale Corp,Common stocks,Large cap,Consumer Staples,"$236,567,489,461 ",0.65%,0,0,0,Analyze
ORCL,Oracle Corp,Common stocks,Large cap,Information Technology,"$222,595,490,966 ",1.54%,0,0,0,Analyze
AVGO,Broadcom Inc.,Common stocks,Large cap,Information Technology,"$216,124,976,980 ",3.05%,0,0,0,Analyze
TMO,Thermo Fisher Scientific Inc,Common stocks,Large cap,Health Care,"$214,644,706,391 ",0.21%,0,0,0,Analyze
MCD,Mcdonalds Corp,Common stocks,Large cap,Consumer Discretionary,"$200,149,476,967 ",2.00%,0,0,0,Analyze
CSCO,Cisco Systems Inc,Common stocks,Large cap,Information Technology,"$199,566,561,191 ",3.08%,0,0,0,Analyze
ACN,Accenture Plc Class A,Common stocks,Large cap,Information Technology,"$195,798,585,293 ",1.36%,0,0,0,Analyze
DHR,Danaher Corp,Common stocks,Large cap,Health Care,"$191,708,977,572 ",0.36%,0,0,0,Analyze
TMUS,T Mobile US Inc,Common stocks,Large cap,Communication Services,"$186,772,418,596 ",0.00%,0,0,0,Analyze
ABT,Abbott Laboratories,Common stocks,Large cap,Health Care,"$184,853,691,838 ",1.76%,0,0,0,Analyze
WFC,Wells Fargo,Common stocks,Large cap,Financials,"$180,350,534,202 ",2.30%,0,0,0,Analyze
DIS,Walt Disney,Common stocks,Large cap,Communication Services,"$180,263,952,990 ",0.00%,0,0,0,Analyze
LIN,Linde Plc,Common stocks,Large cap,Materials,"$169,502,966,342 ",1.33%,0,0,0,Analyze
NEE,Nextera Energy Inc,Common stocks,Large cap,Utilities,"$168,749,937,328 ",1.99%,0,0,0,Analyze
BMY,Bristol Myers Squibb,Common stocks,Large cap,Health Care,"$168,264,329,862 ",2.70%,0,0,0,Analyze
NKE,Nike Inc Class B,Common stocks,Large cap,Consumer Discretionary,"$166,374,000,000 ",1.14%,0,0,0,Analyze
VZ,Verizon Communications Inc,Common stocks,Large cap,Communication Services,"$163,456,895,037 ",6.47%,0,0,0,Analyze
TXN,Texas Instrument Inc,Common stocks,Large cap,Information Technology,"$162,437,185,014 ",2.59%,0,0,0,Analyze
UPS,United Parcel Service Inc Class B,Common stocks,Large cap,Industrials,"$158,141,636,009 ",3.25%,0,0,0,Analyze
COP,ConocoPhillips,Common stocks,Large cap,Energy,"$157,927,046,905 ",3.48%,0,0,0,Analyze
ADBE,Adobe Inc,Common stocks,Large cap,Information Technology,"$156,104,122,000 ",0.00%,0,0,0,Analyze
CMCSA,Comcast A Corp,Common stocks,Large cap,Communication Services,"$153,275,152,254 ",2.96%,0,0,0,Analyze
CRM,Salesforce.Com Inc,Common stocks,Large cap,Information Technology,"$152,240,000,000 ",0.00%,0,0,0,Analyze
PM,Philip Morris International Inc,Common stocks,Large cap,Consumer Staples,"$152,090,348,144 ",5.02%,0,0,0,Analyze
MS,Morgan Stanley,Common stocks,Large cap,Financials,"$151,991,540,051 ",3.24%,0,0,0,Analyze
AMGN,Amgen Inc,Common stocks,Large cap,Health Care,"$151,216,346,980 ",2.71%,0,0,0,Analyze
SCHW,Charles Schwab Corporation,Common stocks,Large cap,Financials,"$147,827,996,565 ",1.02%,0,0,0,Analyze
HON,Honeywell International Inc,Common stocks,Large cap,Industrials,"$147,178,059,807 ",1.79%,0,0,0,Analyze
RTX,Raytheon Technologies Corporation,Common stocks,Large cap,Industrials,"$142,787,003,076 ",2.20%,0,0,0,Analyze
QCOM,Qualcomm Inc,Common stocks,Large cap,Information Technology,"$140,293,150,000 ",2.27%,0,0,0,Analyze
T,AT&T Inc.,Common stocks,Large cap,Communication Services,"$136,111,700,000 ",6.27%,0,0,0,Analyze
IBM,International Business Machines Co,Common stocks,Large cap,Information Technology,"$134,488,796,496 ",4.35%,0,0,0,Analyze
DE,Deere & Company,Common stocks,Large cap,Industrials,"$132,052,124,518 ",0.99%,0,0,0,Analyze
CVS,CVS Health Corp,Common stocks,Large cap,Health Care,"$131,475,529,215 ",2.18%,0,0,0,Analyze
LOW,Lowes Companies Inc,Common stocks,Large cap,Consumer Discretionary,"$130,980,233,648 ",1.74%,0,0,0,Analyze
GS,Goldman Sachs Group Inc,Common stocks,Large cap,Financials,"$130,797,609,615 ",2.19%,0,0,0,Analyze
UNP,Union Pacific Corp,Common stocks,Large cap,Industrials,"$130,657,466,016 ",2.32%,0,0,0,Analyze
NFLX,Netflix Inc,Common stocks,Large cap,Communication Services,"$128,783,244,832 ",0.00%,0,0,0,Analyze
LMT,Lockheed Martin Corp,Common stocks,Large cap,Industrials,"$126,075,921,380 ",2.31%,0,0,0,Analyze
CAT,Caterpillar Inc,Common stocks,Large cap,Industrials,"$123,295,384,387 ",1.93%,0,0,0,Analyze
AMD,Advanced Micro Devices Inc,Common stocks,Large cap,Information Technology,"$123,184,010,777 ",0.00%,0,0,0,Analyze
INTC,Intel Corporation Corp,Common stocks,Large cap,Information Technology,"$122,448,090,000 ",4.84%,0,0,0,Analyze
ELV,"Elevance Health, Inc.",Common stocks,Large cap,Health Care,"$121,718,751,969 ",0.98%,0,0,0,Analyze
SPGI,S&P Global Inc,Common stocks,Large cap,Financials,"$119,303,910,000 ",0.69%,0,0,0,Analyze
AXP,American Express,Common stocks,Large cap,Financials,"$115,021,528,895 ",1.29%,0,0,0,Analyze
SBUX,Starbucks Corp,Common stocks,Large cap,Consumer Discretionary,"$114,229,056,000 ",1.98%,0,0,0,Analyze
INTU,Intuit Inc,Common stocks,Large cap,Information Technology,"$111,578,191,602 ",0.71%,0,0,0,Analyze
BLK,Blackrock Inc,Common stocks,Large cap,Financials,"$110,592,007,257 ",2.54%,0,0,0,Analyze
ADP,Automatic Data Processing Inc,Common stocks,Large cap,Information Technology,"$108,925,475,584 ",1.57%,0,0,0,Analyze
GILD,Gilead Sciences Inc,Common stocks,Large cap,Health Care,"$107,137,509,240 ",3.34%,0,0,0,Analyze
PLD,"Prologis, Inc",REITs,Large cap,Real Estate,"$106,642,970,280 ",2.57%,0,0,0,Analyze
MDT,Medtronic Plc,Common stocks,Large cap,Health Care,"$105,029,692,897 ",3.28%,0,0,0,Analyze
BA,Boeing,Common stocks,Large cap,Industrials,"$103,827,882,900 ",0.00%,0,0,0,Analyze
AMT,American Tower Corporation,REITs,Large cap,Real Estate,"$101,618,422,855 ",2.58%,0,0,0,Analyze
CI,Cigna Corp,Common stocks,Large cap,Health Care,"$97,787,563,039 ",1.36%,0,0,0,Analyze
GE,General Electric,Common stocks,Large cap,Industrials,"$96,012,749,462 ",0.36%,0,0,0,Analyze
TJX,"TJX Companies, Inc.",Common stocks,Large cap,Consumer Discretionary,"$93,511,205,479 ",1.41%,0,0,0,Analyze
ISRG,Intuitive Surgical Inc,Common stocks,Large cap,Health Care,"$93,452,549,537 ",0.00%,0,0,0,Analyze
C,Citigroup Inc,Common stocks,Large cap,Financials,"$93,433,782,159 ",4.16%,0,0,0,Analyze
AMAT,Applied Material Inc,Common stocks,Large cap,Information Technology,"$92,629,510,622 ",0.94%,0,0,0,Analyze
PYPL,Paypal Holdings Inc,Common stocks,Large cap,Information Technology,"$92,057,239,359 ",0.00%,0,0,0,Analyze
MDLZ,Mondelez International Inc,Common stocks,Large cap,Consumer Staples,"$91,045,785,928 ",2.13%,0,0,0,Analyze
CB,Chubb Ltd,Common stocks,Large cap,Financials,"$88,883,016,177 ",1.51%,0,0,0,Analyze
SYK,Stryker Corp,Common stocks,Large cap,Health Care,"$87,148,628,349 ",1.20%,0,0,0,Analyze
ADI,Analog Devices Inc,Common stocks,Large cap,Information Technology,"$87,026,587,045 ",1.74%,0,0,0,Analyze
MMC,Marsh & McLennan Inc,Common stocks,Large cap,Financials,"$84,564,660,678 ",1.31%,0,0,0,Analyze
EOG,EOG Resources Inc,Common stocks,Large cap,Energy,"$83,791,111,604 ",2.05%,0,0,0,Analyze
NOW,Servicenow Inc,Common stocks,Large cap,Information Technology,"$82,692,740,000 ",0.00%,0,0,0,Analyze
VRTX,Vertex Pharmaceuticals Inc,Common stocks,Large cap,Health Care,"$81,155,569,464 ",0.00%,0,0,0,Analyze
MO,Altria Group Inc,Common stocks,Large cap,Consumer Staples,"$80,683,611,262 ",7.85%,0,0,0,Analyze
NOC,Northrop Grumman Corp,Common stocks,Large cap,Industrials,"$80,394,475,565 ",1.26%,0,0,0,Analyze
EL,Estee Lauder Inc Class A,Common stocks,Large cap,Consumer Staples,"$79,485,199,000 ",1.07%,0,0,0,Analyze
REGN,Regeneron Pharmaceuticals Inc,Common stocks,Large cap,Health Care,"$78,745,135,079 ",0.00%,0,0,0,Analyze
PGR,Progressive Corp,Common stocks,Large cap,Financials,"$76,696,788,546 ",1.44%,0,0,0,Analyze
BKNG,Booking Holdings Inc,Common stocks,Large cap,Consumer Discretionary,"$76,393,760,197 ",0.00%,0,0,0,Analyze
DUK,Duke Energy Corp,Common stocks,Large cap,Utilities,"$75,881,985,553 ",3.98%,0,0,0,Analyze
TGT,Target Corp,Common stocks,Large cap,Consumer Discretionary,"$75,211,516,368 ",2.39%,0,0,0,Analyze
SLB,Schlumberger Nv,Common stocks,Large cap,Energy,"$72,913,239,911 ",1.17%,0,0,0,Analyze
SO,Southern Co,Common stocks,Large cap,Utilities,"$72,244,328,866 ",4.01%,0,0,0,Analyze
MMM,3M,Common stocks,Large cap,Industrials,"$70,751,093,120 ",4.58%,0,0,0,Analyze
ITW,Illinois Tool Inc,Common stocks,Large cap,Industrials,"$70,247,381,150 ",2.15%,0,0,0,Analyze
ZTS,Zoetis Inc,Common stocks,Large cap,Health Care,"$70,129,853,088 ",0.86%,0,0,0,Analyze
GD,General Dynamics Corp,Common stocks,Large cap,Industrials,"$69,265,957,371 ",1.95%,0,0,0,Analyze
APD,Air Products And Chemicals Inc,Common stocks,Large cap,Materials,"$68,347,356,303 ",2.04%,0,0,0,Analyze
HUM,Humana Inc,Common stocks,Large cap,Health Care,"$68,148,951,179 ",0.57%,0,0,0,Analyze
MRNA,"Moderna, Inc.",Common stocks,Large cap,Health Care,"$67,926,948,724 ",0.00%,0,0,0,Analyze
BDX,Becton Dickinson,Common stocks,Large cap,Health Care,"$67,688,207,882 ",1.44%,0,0,0,Analyze
CSX,CSX Corp,Common stocks,Large cap,Industrials,"$67,424,247,939 ",1.22%,0,0,0,Analyze
WM,Waste Management Inc,Common stocks,Large cap,Industrials,"$67,322,348,515 ",1.53%,0,0,0,Analyze
PNC,"PNC Financial Services Group, Inc.",Common stocks,Large cap,Financials,"$67,152,618,995 ",3.41%,0,0,0,Analyze
HCA,"HCA Healthcare, Inc.",Common stocks,Large cap,Health Care,"$67,083,018,576 ",0.91%,0,0,0,Analyze
ETN,"Eaton Corporation, PLC",Common stocks,Large cap,Industrials,"$65,763,672,000 ",1.94%,0,0,0,Analyze
USB,US Bancorp,Common stocks,Large cap,Financials,"$65,539,673,967 ",4.15%,0,0,0,Analyze
FISV,Fiserv Inc,Common stocks,Large cap,Information Technology,"$64,823,665,998 ",0.00%,0,0,0,Analyze
SHW,Sherwin Williams,Common stocks,Large cap,Materials,"$64,785,854,000 ",0.96%,0,0,0,Analyze
OXY,Occidental Petroleum Corp,Common stocks,Large cap,Energy,"$64,641,974,277 ",0.56%,0,0,0,Analyze
CL,Colgate-Palmolive,Common stocks,Large cap,Consumer Staples,"$64,253,029,175 ",2.40%,0,0,0,Analyze
MU,Micron Technology Inc,Common stocks,Large cap,Information Technology,"$64,066,844,655 ",0.73%,0,0,0,Analyze
CME,CME Group Inc Class A,Common stocks,Large cap,Financials,"$63,311,596,304 ",2.20%,0,0,0,Analyze
AON,Aon Plc,Common stocks,Large cap,Financials,"$62,932,937,249 ",0.72%,0,0,0,Analyze
LRCX,Lam Research Corp,Common stocks,Large cap,Information Technology,"$62,925,425,630 ",1.34%,0,0,0,Analyze
BSX,Boston Scientific Corp,Common stocks,Large cap,Health Care,"$62,864,142,167 ",0.00%,0,0,0,Analyze
EQIX,"Equinix, Inc.",REITs,Large cap,Real Estate,"$62,164,329,514 ",1.83%,0,0,0,Analyze
TFC,Truist Financial Corporation,Common stocks,Large cap,Financials,"$61,601,758,752 ",4.24%,0,0,0,Analyze
PXD,Pioneer Natural Resource,Common stocks,Large cap,Energy,"$61,547,107,014 ",7.81%,0,0,0,Analyze
CHTR,Charter Communications Inc Class A,Common stocks,Large cap,Communication Services,"$60,747,994,215 ",0.00%,0,0,0,Analyze
CCI,Crown Castle International Corp.,REITs,Large cap,Real Estate,"$60,678,685,900 ",4.14%,0,0,0,Analyze
MET,Metlife Inc,Common stocks,Large cap,Financials,"$60,194,988,048 ",2.55%,0,0,0,Analyze
ATVI,Activision Blizzard Inc,Common stocks,Large cap,Communication Services,"$59,941,273,182 ",0.61%,0,0,0,Analyze
ICE,Intercontinental Exchange Inc,Common stocks,Large cap,Financials,"$59,731,510,778 ",1.37%,0,0,0,Analyze
MPC,Marathon Petroleum Corp,Common stocks,Large cap,Energy,"$58,863,800,625 ",1.97%,0,0,0,Analyze
NSC,Norfolk Southern Corp,Common stocks,Large cap,Industrials,"$58,135,534,026 ",1.96%,0,0,0,Analyze
DG,Dollar General Corp,Common stocks,Large cap,Consumer Discretionary,"$57,820,801,295 ",0.80%,0,0,0,Analyze
GM,General Motors,Common stocks,Large cap,Consumer Discretionary,"$56,984,148,127 ",0.22%,0,0,0,Analyze
EMR,Emerson Electric,Common stocks,Large cap,Industrials,"$56,709,346,000 ",2.12%,0,0,0,Analyze
F,Ford Motor Company,Common stocks,Large cap,Consumer Discretionary,"$55,413,477,583 ",3.52%,0,0,0,Analyze
KLAC,KLA-Tencor Corporation,Common stocks,Large cap,Information Technology,"$54,650,838,441 ",1.21%,0,0,0,Analyze
MCO,Moodys Corp,Common stocks,Large cap,Financials,"$54,586,272,000 ",0.93%,0,0,0,Analyze
FCX,"Freeport-McMoRan, Inc.",Common stocks,Large cap,Materials,"$54,371,606,346 ",0.98%,0,0,0,Analyze
KDP,Keurig Dr Pepper Inc.,Common stocks,Large cap,Consumer Staples,"$54,270,750,084 ",1.97%,0,0,0,Analyze
MNST,Monster Beverage Corp,Common stocks,Large cap,Consumer Staples,"$54,224,813,595 ",0.00%,0,0,0,Analyze
MCK,Mckesson Corp,Common stocks,Large cap,Health Care,"$53,987,867,510 ",0.51%,0,0,0,Analyze
VLO,Valero Energy Corp,Common stocks,Large cap,Energy,"$53,668,695,530 ",2.78%,0,0,0,Analyze
ORLY,Oreilly Automotive Inc,Common stocks,Large cap,Consumer Discretionary,"$53,240,836,597 ",0.00%,0,0,0,Analyze
ADM,Archer-Daniels-Midland Company,Common stocks,Large cap,Consumer Staples,"$53,164,566,489 ",1.64%,0,0,0,Analyze
PSX,Phillips 66,Common stocks,Large cap,Energy,"$52,325,112,301 ",3.41%,0,0,0,Analyze
PSA,Public Storage,REITs,Large cap,Real Estate,"$52,185,677,843 ",2.59%,0,0,0,Analyze
SRE,Sempra Energy,Common stocks,Large cap,Utilities,"$51,236,338,169 ",2.75%,0,0,0,Analyze
SNPS,Synopsys Inc,Common stocks,Large cap,Information Technology,"$51,116,733,186 ",0.00%,0,0,0,Analyze
MAR,Marriott International Inc,Common stocks,Large cap,Consumer Discretionary,"$51,114,816,707 ",0.62%,0,0,0,Analyze
D,Dominion Energy Inc,Common stocks,Large cap,Utilities,"$50,854,785,761 ",4.26%,0,0,0,Analyze
GIS,General Mills Inc,Common stocks,Large cap,Consumer Staples,"$49,132,881,107 ",2.51%,0,0,0,Analyze
AEP,American Electric Power Inc,Common stocks,Large cap,Utilities,"$48,883,851,688 ",3.29%,0,0,0,Analyze
AZO,Autozone Inc,Common stocks,Large cap,Consumer Discretionary,"$47,768,277,043 ",0.00%,0,0,0,Analyze
KHC,Kraft Heinz,Common stocks,Large cap,Consumer Staples,"$47,649,783,380 ",4.05%,0,0,0,Analyze
APH,Amphenol Corp,Common stocks,Large cap,Information Technology,"$47,649,219,818 ",0.99%,0,0,0,Analyze
HSY,Hershey Foods,Common stocks,Large cap,Consumer Staples,"$47,613,423,600 ",1.66%,0,0,0,Analyze
CNC,Centene Corp,Common stocks,Large cap,Health Care,"$47,356,298,126 ",0.00%,0,0,0,Analyze
CTVA,"Corteva, Inc.",Common stocks,Large cap,Materials,"$47,013,573,600 ",0.88%,0,0,0,Analyze
EW,Edwards Lifesciences Corp,Common stocks,Large cap,Health Care,"$46,932,154,479 ",0.00%,0,0,0,Analyze
CTAS,Cintas Corp,Common stocks,Large cap,Industrials,"$46,243,740,094 ",0.92%,0,0,0,Analyze
A,Agilent Technologies Inc,Common stocks,Large cap,Health Care,"$45,989,902,550 ",0.54%,0,0,0,Analyze
ROP,Roper Technologies Inc,Common stocks,Large cap,Information Technology,"$45,986,291,655 ",0.57%,0,0,0,Analyze
JCI,Johnson Controls International Plc,Common stocks,Large cap,Industrials,"$45,974,825,369 ",2.06%,0,0,0,Analyze
CDNS,Cadence Design Systems Inc,Common stocks,Large cap,Information technology,"$45,950,673,160 ",0.00%,0,0,0,Analyze
FDX,FedEx Corporation,Common stocks,Large cap,Industrials,"$45,892,362,517 ",2.14%,0,0,0,Analyze
NXPI,NXP Semiconductors Nv,Common stocks,Large cap,Information Technology,"$45,400,427,822 ",1.76%,0,0,0,Analyze
AIG,American International Group Inc,Common stocks,Large cap,Financials,"$45,292,061,410 ",2.08%,0,0,0,Analyze
KMB,Kimberly Clark Corp,Common stocks,Large cap,Consumer Staples,"$45,223,940,596 ",3.40%,0,0,0,Analyze
AFL,Aflac Inc,Common stocks,Large cap,Financials,"$44,768,776,320 ",2.20%,0,0,0,Analyze
HES,Hess Corp,Common stocks,Large cap,Energy,"$44,673,896,723 ",0.94%,0,0,0,Analyze
MSI,Motorola Solutions Inc,Common stocks,Large cap,Information Technology,"$44,476,053,594 ",1.18%,0,0,0,Analyze
PAYX,Paychex Inc,Common stocks,Large cap,Information Technology,"$44,386,938,265 ",2.44%,0,0,0,Analyze
DVN,Devon Energy Corp,Common stocks,Large cap,Energy,"$44,320,860,000 ",4.78%,0,0,0,Analyze
TRV,Travelers Companies Inc,Common stocks,Large cap,Financials,"$44,059,678,175 ",1.91%,0,0,0,Analyze
BIIB,Biogen Inc,Common stocks,Large cap,Health Care,"$43,697,226,044 ",0.00%,0,0,0,Analyze
DXCM,Dexcom Inc,Common stocks,Large cap,Health Care,"$43,616,267,475 ",0.00%,0,0,0,Analyze
SYY,Sysco Corp,Common stocks,Large cap,Consumer Staples,"$43,612,413,288 ",2.21%,0,0,0,Analyze
LHX,"L3Harris Technologies, Inc.",Common stocks,Large cap,Industrials,"$43,112,904,872 ",1.96%,0,0,0,Analyze
RSG,Republic Services Inc,Common stocks,Large cap,Industrials,"$42,954,007,230 ",1.37%,0,0,0,Analyze
ENPH,Enphase Energy Inc,Common stocks,Large cap,Information Technology,"$42,921,945,566 ",0.00%,0,0,0,Analyze
ECL,Ecolab Inc,Common stocks,Large cap,Materials,"$42,741,298,684 ",1.35%,0,0,0,Analyze
ADSK,Autodesk Inc,Common stocks,Large cap,Information Technology,"$42,539,342,589 ",0.00%,0,0,0,Analyze
MCHP,Microchip Technology Inc,Common stocks,Large cap,Information Technology,"$42,141,667,360 ",1.50%,0,0,0,Analyze
ANET,Arista Networks Inc,Common stocks,Large cap,Information Technology,"$41,921,507,189 ",0.00%,0,0,0,Analyze
KMI,Kinder Morgan Inc,Common stocks,Large cap,Energy,"$41,920,389,624 ",5.78%,0,0,0,Analyze
CMG,Chipotle Mexican Grill Inc,Common stocks,Large cap,Consumer Discretionary,"$41,826,445,419 ",0.00%,0,0,0,Analyze
FTNT,Fortinet Inc,Common stocks,Large cap,Information Technology,"$41,678,941,187 ",0.00%,0,0,0,Analyze
AJG,Arthur J Gallagher,Common stocks,Large cap,Financials,"$41,602,948,800 ",1.01%,0,0,0,Analyze
STZ,Constellation Brands Class A,Common stocks,Large cap,Consumer Staples,"$41,384,716,392 ",1.22%,0,0,0,Analyze
TT,Trane Technologies plc,Common stocks,Large cap,Industrials,"$41,305,613,538 ",1.44%,0,0,0,Analyze
WMB,Williams Inc,Common stocks,Large cap,Energy,"$41,216,436,381 ",4.89%,0,0,0,Analyze
MSCI,MSCI Inc,Common stocks,Large cap,Financials,"$40,678,716,953 ",0.90%,0,0,0,Analyze
O,Realty Income Corporation,REITs,Large cap,Real Estate,"$40,463,967,112 ",4.51%,0,0,0,Analyze
IQV,"IQVIA Holdings, Inc.",Common stocks,Large cap,Health Care,"$40,439,317,808 ",0.00%,0,0,0,Analyze
TEL,TE Connectivity Ltd,Common stocks,Large cap,Information Technology,"$40,370,761,447 ",1.70%,0,0,0,Analyze
ROST,Ross Stores Inc,Common stocks,Large cap,Consumer Discretionary,"$40,269,697,032 ",1.04%,0,0,0,Analyze
PRU,Prudential Financial Inc,Common stocks,Large cap,Financials,"$39,826,320,000 ",4.41%,0,0,0,Analyze
EXC,Exelon Corp,Common stocks,Large cap,Utilities,"$39,620,494,736 ",3.35%,0,0,0,Analyze
PH,Parker-Hannifin Corp,Common stocks,Large cap,Industrials,"$39,337,095,692 ",1.62%,0,0,0,Analyze
FIS,Fidelity National Information Services,Common stocks,Large cap,Information Technology,"$39,121,507,534 ",2.71%,0,0,0,Analyze
SPG,"Simon Property Group, Inc",REITs,Large cap,Real Estate,"$39,105,986,062 ",5.51%,0,0,0,Analyze
COF,Capital One Financial Corp,Common stocks,Large cap,Financials,"$38,792,025,872 ",2.33%,0,0,0,Analyze
NUE,Nucor Corp,Common stocks,Large cap,Materials,"$38,412,289,698 ",1.33%,0,0,0,Analyze
XEL,Xcel Energy Inc,Common stocks,Large cap,Utilities,"$37,869,595,923 ",2.75%,0,0,0,Analyze
HLT,Hilton Worldwide Holdings Inc,Common stocks,Large cap,Consumer Discretionary,"$37,468,976,595 ",0.32%,0,0,0,Analyze
CARR,Carrier Global Corporation,Common stocks,Large cap,Industrials,"$36,929,308,502 ",1.35%,0,0,0,Analyze
PCAR,Paccar Inc,Common stocks,Large cap,Industrials,"$36,825,108,517 ",1.31%,0,0,0,Analyze
BK,Bank Of New York Mellon Corp,Common stocks,Large cap,Financials,"$36,768,654,880 ",3.08%,0,0,0,Analyze
NEM,Newmont Corporation,Common stocks,Large cap,Materials,"$36,710,416,309 ",4.68%,0,0,0,Analyze
DOW,Dow Inc.,Common stocks,Large cap,Materials,"$36,278,790,317 ",5.33%,0,0,0,Analyze
EA,Electronic Arts Inc,Common stocks,Large cap,Communication Services,"$36,155,467,445 ",0.55%,0,0,0,Analyze
WBA,Walgreen Boots Alliance Inc,Common stocks,Large cap,Consumer Staples,"$36,114,594,680 ",4.51%,0,0,0,Analyze
DD,"DuPont de Nemours, Inc.",Common stocks,Large cap,Materials,"$35,674,414,356 ",1.78%,0,0,0,Analyze
ALL,Allstate Corp,Common stocks,Large cap,Financials,"$35,630,906,267 ",2.48%,0,0,0,Analyze
YUM,Yum Brands Inc,Common stocks,Large cap,Consumer Discretionary,"$35,472,952,965 ",1.80%,0,0,0,Analyze
AMP,Ameriprise Finance Inc,Common stocks,Large cap,Financials,"$35,394,360,387 ",1.46%,0,0,0,Analyze
CMI,Cummins Inc,Common stocks,Large cap,Industrials,"$35,376,894,817 ",2.38%,0,0,0,Analyze
ILMN,Illumina Inc,Common stocks,Large cap,Health Care,"$34,933,184,000 ",0.00%,0,0,0,Analyze
BF.B,Brown Forman Inc Class B,Common stocks,Large cap,Consumer Staples,"$34,778,342,435 ",1.03%,0,0,0,Analyze
TDG,Transdigm Group Inc,Common stocks,Large cap,Industrials,"$34,747,541,828 ",0.00%,0,0,0,Analyze
IDXX,Idexx Laboratories Inc,Common stocks,Large cap,Health Care,"$34,495,747,099 ",0.00%,0,0,0,Analyze
ED,Consolidated Edison Inc,Common stocks,Large cap,Utilities,"$34,304,591,516 ",3.23%,0,0,0,Analyze
KR,Kroger,Common stocks,Large cap,Consumer Staples,"$34,244,174,301 ",1.95%,0,0,0,Analyze
ABC,AmerisourceBergen Corp,Common stocks,Large cap,Health Care,"$34,045,476,937 ",1.12%,0,0,0,Analyze
DLTR,Dollar Tree Inc,Common stocks,Large cap,Consumer Discretionary,"$33,621,895,925 ",0.00%,0,0,0,Analyze
RMD,Resmed Inc,Common stocks,Large cap,Health Care,"$33,594,560,291 ",0.75%,0,0,0,Analyze
ALB,Albemarle Corp,Common stocks,Large cap,Materials,"$33,259,678,217 ",0.55%,0,0,0,Analyze
HAL,Halliburton,Common stocks,Large cap,Energy,"$33,198,190,167 ",1.11%,0,0,0,Analyze
NDAQ,Nasdaq Inc,Common stocks,Large cap,Financials,"$32,979,594,580 ",1.13%,0,0,0,Analyze
LVS,Las Vegas Sands Corp,Common stocks,Large cap,Consumer Discretionary,"$32,904,999,156 ",0.00%,0,0,0,Analyze
ODFL,Old Dominion Freight Line Inc,Common stocks,Large cap,Industrials,"$32,816,356,183 ",0.37%,0,0,0,Analyze
WELL,Welltower Inc,REITs,Large cap,Real Estate,"$32,769,362,280 ",2.62%,0,0,0,Analyze
AME,Ametek Inc,Common stocks,Large cap,Industrials,"$32,629,296,726 ",0.60%,0,0,0,Analyze
CSGP,Costar Group Inc,Common stocks,Large cap,Industrials,"$32,543,338,601 ",0.00%,0,0,0,Analyze
OTIS,Otis Worldwide Corporation,Common stocks,Large cap,Industrials,"$32,535,372,614 ",1.41%,0,0,0,Analyze
MTD,Mettler Toledo Inc,Common stocks,Large cap,Health Care,"$32,133,060,489 ",0.00%,0,0,0,Analyze
SBAC,SBA Communications Corporation,REITs,Large cap,Real Estate,"$32,131,623,764 ",0.95%,0,0,0,Analyze
ON,ON Semiconductor Corp,Common stocks,Large cap,Information Technology,"$31,999,344,402 ",0.00%,0,0,0,Analyze
VICI,VICI Properties Inc,REITs,Large cap,Real Estate,"$31,994,110,511 ",4.35%,0,0,0,Analyze
DLR,"Digital Realty Trust, Inc",REITs,Large cap,Real Estate,"$31,912,097,302 ",4.28%,0,0,0,Analyze
CEG,Constellation Energy Corporation,Common stocks,Large cap,Utilities,"$31,596,469,015 ",0.58%,0,0,0,Analyze
KEYS,Keysight Technologies Inc,Common stocks,Large cap,Information Technology,"$31,475,296,251 ",0.00%,0,0,0,Analyze
PPG,PPG Industries Inc,Common stocks,Large cap,Materials,"$31,272,745,046 ",1.81%,0,0,0,Analyze
WEC,WEC Energy Group Inc,Common stocks,Large cap,Utilities,"$30,934,664,455 ",2.91%,0,0,0,Analyze
CTSH,Cognizant Technology Solutions,Common stocks,Large cap,Information Technology,"$30,850,703,563 ",1.79%,0,0,0,Analyze
ROK,Rockwell Automation Inc,Common stocks,Large cap,Industrials,"$30,618,599,365 ",1.68%,0,0,0,Analyze
GWW,W.W. Grainger Inc,Common stocks,Large cap,Industrials,"$30,535,844,216 ",1.11%,0,0,0,Analyze
PCG,Pacific Gas & Electric Co.,Common stocks,Large cap,Utilities,"$30,327,600,000 ",0.00%,0,0,0,Analyze
HPQ,HP Inc,Common stocks,Large cap,Information Technology,"$30,087,630,375 ",3.31%,0,0,0,Analyze
FAST,Fastenal,Common stocks,Large cap,Industrials,"$30,018,345,311 ",2.34%,0,0,0,Analyze
DFS,Discover Financial Services,Common stocks,Large cap,Financials,"$29,688,711,625 ",2.10%,0,0,0,Analyze
MTB,M&T Bank Corp,Common stocks,Large cap,Financials,"$29,667,055,261 ",2.77%,0,0,0,Analyze
PEG,Public Service Enterprise Group Inc,Common stocks,Large cap,Utilities,"$29,443,024,393 ",3.57%,0,0,0,Analyze
OKE,Oneok Inc,Common stocks,Large cap,Energy,"$29,329,111,112 ",5.57%,0,0,0,Analyze
DHI,D R Horton Inc,Common stocks,Large cap,Consumer Discretionary,"$29,096,833,682 ",1.06%,0,0,0,Analyze
APTV,Aptiv Plc,Common stocks,Large cap,Consumer Discretionary,"$28,967,219,491 ",0.00%,0,0,0,Analyze
BKR,Baker Hughes Company Class A,Common stocks,Large cap,Energy,"$28,872,309,438 ",2.51%,0,0,0,Analyze
GLW,Corning Inc,Common stocks,Large cap,Information Technology,"$28,689,921,874 ",3.15%,0,0,0,Analyze
LYB,Lyondellbasell Industries NV,Common stocks,Large cap,Materials,"$28,684,256,303 ",5.09%,0,0,0,Analyze
ES,Eversource Energy,Common stocks,Large cap,Utilities,"$28,623,903,447 ",3.03%,0,0,0,Analyze
BAX,Baxter International Inc,Common stocks,Large cap,Health Care,"$28,381,998,732 ",2.01%,0,0,0,Analyze
STT,State Street Corp,Common stocks,Large cap,Financials,"$28,272,738,326 ",3.00%,0,0,0,Analyze
VRSK,Verisk Analytics Inc,Common stocks,Large cap,Industrials,"$28,157,650,398 ",0.68%,0,0,0,Analyze
TROW,T Rowe Price Group Inc,Common stocks,Large cap,Financials,"$27,799,022,613 ",3.71%,0,0,0,Analyze
WBD,"Warner Bros. Discovery, Inc. - Series A",Common stocks,Large cap,Communication Services,"$27,538,010,810 ",0.00%,0,0,0,Analyze
AWK,American Water Works Inc,Common stocks,Large cap,Utilities,"$27,503,284,221 ",1.69%,0,0,0,Analyze
IT,Gartner Inc,Common stocks,Large cap,Information Technology,"$27,126,698,923 ",0.00%,0,0,0,Analyze
GPN,Global Payments Inc,Common stocks,Large cap,Information Technology,"$27,086,082,795 ",1.00%,0,0,0,Analyze
HRL,Hormel Foods Corp,Common stocks,Large cap,Consumer Staples,"$26,845,612,237 ",2.10%,0,0,0,Analyze
FANG,Diamondback Energy Inc,Common stocks,Large cap,Energy,"$26,398,026,564 ",1.84%,0,0,0,Analyze
WTW,Willis Towers Watson Public Limited Company,Common stocks,Large cap,Financials,"$26,118,820,324 ",1.35%,0,0,0,Analyze
RJF,Raymond James Inc,Common stocks,Large cap,Financials,"$25,978,854,407 ",1.12%,0,0,0,Analyze
GPC,Genuine Parts,Common stocks,Large cap,Consumer Discretionary,"$25,962,395,308 ",1.89%,0,0,0,Analyze
IFF,International Flavors & Fragrances,Common stocks,Large cap,Materials,"$25,728,240,950 ",3.12%,0,0,0,Analyze
CDW,CDW Corp,Common stocks,Large cap,Information Technology,"$25,621,389,434 ",1.10%,0,0,0,Analyze
TSCO,Tractor Supply,Common stocks,Large cap,Consumer Discretionary,"$24,938,182,191 ",1.62%,0,0,0,Analyze
FITB,Fifth Third Bancorp,Common stocks,Large cap,Financials,"$24,936,772,711 ",3.34%,0,0,0,Analyze
ARE,"Alexandria Real Estate Equities, Inc",REITs,Large cap,Real Estate,"$24,911,730,242 ",3.03%,0,0,0,Analyze
URI,United Rentals Inc,Common stocks,Large cap,Industrials,"$24,842,931,930 ",0.00%,0,0,0,Analyze
ZBH,Zimmer Biomet Holdings Inc,Common stocks,Large cap,Health Care,"$24,764,680,780 ",0.81%,0,0,0,Analyze
K,Kellogg,Common stocks,Large cap,Consumer Staples,"$24,661,376,100 ",3.19%,0,0,0,Analyze
LEN,Lennar Corporation Class A,Common stocks,Large cap,Consumer Discretionary,"$24,617,719,991 ",1.72%,0,0,0,Analyze
EBAY,Ebay Inc,Common stocks,Large cap,Consumer Discretionary,"$24,544,470,505 ",1.85%,0,0,0,Analyze
EIX,Edison International,Common stocks,Large cap,Utilities,"$24,336,872,974 ",4.32%,0,0,0,Analyze
CBRE,CBRE Group Inc,Common stocks,Large cap,Real Estate,"$24,258,528,748 ",0.00%,0,0,0,Analyze
EFX,Equifax Inc,Common stocks,Large cap,Industrials,"$24,235,227,902 ",0.79%,0,0,0,Analyze
VMC,Vulcan Materials,Common stocks,Large cap,Materials,"$24,226,263,534 ",0.87%,0,0,0,Analyze
TSN,Tyson Foods Inc Class A,Common stocks,Large cap,Consumer Staples,"$24,145,558,200 ",2.72%,0,0,0,Analyze
HIG,Hartford Financial Services Group,Common stocks,Large cap,Financials,"$24,026,012,107 ",2.03%,0,0,0,Analyze
FTV,Fortive Corp,Common stocks,Large cap,Industrials,"$24,020,042,296 ",0.31%,0,0,0,Analyze
WY,Weyerhaeuser Company,REITs,Large cap,Real Estate,"$23,659,731,550 ",2.17%,0,0,0,Analyze
EQR,Equity Residential,REITs,Large cap,Real Estate,"$23,623,711,689 ",3.91%,0,0,0,Analyze
AVB,"AvalonBay Communities, Inc",REITs,Large cap,Real Estate,"$23,575,501,591 ",3.73%,0,0,0,Analyze
MKC,McCormick & Co  Non-voting,Common stocks,Large cap,Consumer Staples,"$23,096,715,159 ",1.71%,0,0,0,Analyze
ETR,Entergy Corp,Common stocks,Large cap,Utilities,"$22,985,514,234 ",3.55%,0,0,0,Analyze
LUV,Southwest Airlines,Common stocks,Large cap,Industrials,"$22,936,639,915 ",0.00%,0,0,0,Analyze
ULTA,Ulta Beauty Inc,Common stocks,Large cap,Consumer Discretionary,"$22,914,961,560 ",0.00%,0,0,0,Analyze
AEE,Ameren Corp,Common stocks,Large cap,Utilities,"$22,786,143,976 ",2.62%,0,0,0,Analyze
MLM,Martin Marietta Materials Inc,Common stocks,Large cap,Materials,"$22,682,972,332 ",0.68%,0,0,0,Analyze
FE,Firstenergy Corp,Common stocks,Large cap,Utilities,"$22,589,968,734 ",3.89%,0,0,0,Analyze
PFG,Principal Financial Group Inc,Common stocks,Large cap,Financials,"$22,456,986,466 ",2.75%,0,0,0,Analyze
FRC,First Republic Bank,Common stocks,Large cap,Financials,"$22,297,762,181 ",0.83%,0,0,0,Analyze
DTE,DTE Energy,Common stocks,Large cap,Utilities,"$22,181,520,550 ",3.06%,0,0,0,Analyze
DAL,Delta Air Lines Inc,Common stocks,Large cap,Industrials,"$22,114,586,605 ",0.00%,0,0,0,Analyze
HBAN,Huntington Bancshares Inc,Common stocks,Large cap,Financials,"$21,886,278,648 ",4.02%,0,0,0,Analyze
IR,Ingersoll Rand Plc,Common stocks,Large cap,Industrials,"$21,720,216,855 ",0.15%,0,0,0,Analyze
CTRA,Coterra Energy Inc.,Common stocks,Large cap,Energy,"$21,714,390,847 ",2.12%,0,0,0,Analyze
ANSS,Ansys Inc,Common stocks,Large cap,Information Technology,"$21,513,237,556 ",0.00%,0,0,0,Analyze
ACGL,Arch Capital Group Ltd,Common stocks,Large cap,Financials,"$21,471,129,217 ",0.00%,0,0,0,Analyze
PPL,PPL Corporation,Common stocks,Large cap,Utilities,"$21,434,225,247 ",3.61%,0,0,0,Analyze
RF,Regions Financial Corp,Common stocks,Large cap,Financials,"$21,249,293,080 ",3.08%,0,0,0,Analyze
VRSN,Verisign Inc,Common stocks,Large cap,Information Technology,"$21,130,139,845 ",0.00%,0,0,0,Analyze
LH,Laboratory Corporation Of America,Common stocks,Large cap,Health Care,"$21,112,494,000 ",0.90%,0,0,0,Analyze
EXR,Extra Space Storage Inc,REITs,Large cap,Real Estate,"$20,957,379,917 ",3.63%,0,0,0,Analyze
PWR,Quanta Services Inc,Common stocks,Large cap,Industrials,"$20,892,149,007 ",0.19%,0,0,0,Analyze
CF,CF Industries Holdings Inc,Common stocks,Large cap,Materials,"$20,856,901,812 ",1.40%,0,0,0,Analyze
CAH,Cardinal Health Inc,Common stocks,Large cap,Health Care,"$20,561,795,117 ",2.48%,0,0,0,Analyze
CFG,Citizens Financial Group Inc,Common stocks,Large cap,Financials,"$20,467,924,547 ",3.84%,0,0,0,Analyze
XYL,Xylem Inc,Common stocks,Large cap,Industrials,"$20,410,088,499 ",1.05%,0,0,0,Analyze
HPE,Hewlett Packard Enterprise,Common stocks,Large cap,Information Technology,"$20,329,874,157 ",3.00%,0,0,0,Analyze
EPAM,Epam Systems Inc,Common stocks,Large cap,Information Technology,"$20,064,155,424 ",0.00%,0,0,0,Analyze
DOV,Dover Corp,Common stocks,Large cap,Industrials,"$20,036,929,902 ",1.40%,0,0,0,Analyze
WAT,Waters Corp,Common stocks,Large cap,Health Care,"$19,875,992,368 ",0.00%,0,0,0,Analyze
WRB,WR Berkley Corp,Common stocks,Large cap,Financials,"$19,746,113,880 ",0.50%,0,0,0,Analyze
TDY,Teledyne Technologies Inc,Common stocks,Large cap,Information Technology,"$19,683,046,794 ",0.00%,0,0,0,Analyze
PAYC,Paycom Software Inc,Common stocks,Large cap,Information Technology,"$19,639,264,940 ",0.00%,0,0,0,Analyze
ROL,Rollins Inc,Common stocks,Large cap,Industrials,"$19,561,005,158 ",1.08%,0,0,0,Analyze
NTRS,Northern Trust Corporation,Common stocks,Large cap,Financials,"$19,555,642,598 ",3.01%,0,0,0,Analyze
MRO,Marathon Oil Corp,Common stocks,Large cap,Energy,"$19,464,829,296 ",1.04%,0,0,0,Analyze
CNP,Centerpoint Energy Inc,Common stocks,Large cap,Utilities,"$19,395,992,791 ",2.25%,0,0,0,Analyze
INVH,Invitation Homes Inc,REITs,Large cap,Real Estate,"$19,320,553,124 ",2.76%,0,0,0,Analyze
CHD,Church And Dwight Inc,Common stocks,Large cap,Consumer Staples,"$19,160,736,024 ",1.33%,0,0,0,Analyze
AES,AES Corp,Common stocks,Large cap,Utilities,"$19,023,209,677 ",2.20%,0,0,0,Analyze
MOH,Molina Healthcare Inc,Common stocks,Large cap,Health Care,"$18,721,872,000 ",0.00%,0,0,0,Analyze
JBHT,JB Hunt Transport Services Inc,Common stocks,Large cap,Industrials,"$18,674,009,612 ",0.88%,0,0,0,Analyze
MAA,"Mid-America Apartment Communities, Inc",REITs,Large cap,Real Estate,"$18,628,752,544 ",2.87%,0,0,0,Analyze
BBY,Best Buy Inc,Common stocks,Large cap,Consumer Discretionary,"$18,548,527,189 ",3.99%,0,0,0,Analyze
CLX,Clorox,Common stocks,Large cap,Consumer Staples,"$18,397,907,081 ",3.10%,0,0,0,Analyze
HOLX,Hologic Inc,Common stocks,Large cap,Health Care,"$18,285,114,994 ",0.00%,0,0,0,Analyze
WAB,Westinghouse Air Brake Technologies,Common stocks,Large cap,Industrials,"$18,183,149,043 ",0.60%,0,0,0,Analyze
DRI,Darden Restaurants Inc,Common stocks,Large cap,Consumer Discretionary,"$18,153,672,461 ",3.07%,0,0,0,Analyze
EXPD,Expeditors International Of Washington,Common stocks,Large cap,Industrials,"$18,139,956,412 ",1.10%,0,0,0,Analyze
STE,STERIS PLC,Common stocks,Large cap,Health Care,"$18,019,041,246 ",0.99%,0,0,0,Analyze
AMCR,Amcor plc,Common stocks,Large cap,Materials,"$17,987,356,236 ",3.93%,0,0,0,Analyze
VTR,"Ventas, Inc",REITs,Large cap,Real Estate,"$17,955,331,886 ",3.95%,0,0,0,Analyze
IEX,IDEX Corp,Common stocks,Large cap,Industrials,"$17,754,129,059 ",0.99%,0,0,0,Analyze
CAG,Conagra Brands Inc,Common stocks,Large cap,Consumer Staples,"$17,670,132,108 ",3.44%,0,0,0,Analyze
CMS,CMS Energy Corp,Common stocks,Large cap,Utilities,"$17,656,004,950 ",2.99%,0,0,0,Analyze
KEY,Keycorp,Common stocks,Large cap,Financials,"$17,651,784,700 ",4.06%,0,0,0,Analyze
MPWR,Monolithic Power Systems Inc,Common stocks,Large cap,Information Technology,"$17,635,639,980 ",0.76%,0,0,0,Analyze
BALL,Ball Corporation,Common stocks,Large cap,Materials,"$17,617,198,818 ",1.42%,0,0,0,Analyze
J,Jacobs Engineering Group Inc.,Common stocks,Large cap,Industrials,"$17,485,555,712 ",0.68%,0,0,0,Analyze
BR,Broadridge Financial Solutions Inc,Common stocks,Large cap,Information Technology,"$17,463,579,593 ",1.77%,0,0,0,Analyze
GRMN,Garmin Ltd,Common stocks,Large cap,Consumer Discretionary,"$17,374,335,526 ",1.45%,0,0,0,Analyze
PKI,Perkinelmer Inc,Common stocks,Large cap,Health Care,"$17,339,383,187 ",0.20%,0,0,0,Analyze
TTWO,Take Two Interactive Software Inc,Common stocks,Large cap,Communication Services,"$17,310,542,847 ",0.00%,0,0,0,Analyze
INCY,Incyte Corp,Common stocks,Large cap,Health Care,"$17,299,692,392 ",0.00%,0,0,0,Analyze
FDS,Factset Research Systems Inc,Common stocks,Large cap,Financials,"$17,286,685,435 ",0.75%,0,0,0,Analyze
MOS,Mosaic,Common stocks,Large cap,Materials,"$17,228,340,320 ",0.96%,0,0,0,Analyze
SEDG,SolarEdge Technologies Inc,Common stocks,Large cap,Information Technology,"$17,117,805,469 ",0.00%,0,0,0,Analyze
CINF,Cincinnati Financial Corp,Common stocks,Large cap,Financials,"$17,101,652,710 ",2.46%,0,0,0,Analyze
ABMD,Abiomed Inc,Common stocks,Large cap,Health Care,"$17,034,547,492 ",0.00%,0,0,0,Analyze
DGX,Quest Diagnostics Inc,Common stocks,Large cap,Health Care,"$16,907,733,202 ",1.74%,0,0,0,Analyze
WST,West Pharmaceutical Services Inc,Common stocks,Large cap,Health Care,"$16,883,963,015 ",0.32%,0,0,0,Analyze
ATO,Atmos Energy Corp,Common stocks,Large cap,Utilities,"$16,707,990,302 ",2.27%,0,0,0,Analyze
TRGP,Targa Resources Corp,Common stocks,Large cap,Energy,"$16,613,689,652 ",1.89%,0,0,0,Analyze
BRO,Brown & Brown Inc,Common stocks,Large cap,Financials,"$16,605,327,377 ",0.72%,0,0,0,Analyze
SYF,Synchrony Financial,Common stocks,Large cap,Financials,"$16,597,946,208 ",2.42%,0,0,0,Analyze
FOX,Fox Corporation Class B,Common stocks,Large cap,Communication Services,"$16,427,315,826 ",1.67%,0,0,0,Analyze
FOXA,Fox Corporation Class A,Common stocks,Large cap,Communication Services,"$16,427,315,826 ",1.57%,0,0,0,Analyze
NTAP,NetApp Inc,Common stocks,Large cap,Information Technology,"$16,228,523,535 ",2.65%,0,0,0,Analyze
FMC,FMC Corp,Common stocks,Large cap,Materials,"$16,155,129,625 ",1.64%,0,0,0,Analyze
EQT,EQT Corporation,Common stocks,Large cap,Energy,"$15,988,523,978 ",1.26%,0,0,0,Analyze
OMC,Omnicom Group Inc,Common stocks,Large cap,Communication Services,"$15,944,202,048 ",3.53%,0,0,0,Analyze
SJM,J.M. Smucker,Common stocks,Large cap,Consumer Staples,"$15,927,126,357 ",2.64%,0,0,0,Analyze
LYV,Live Nation Entertainment Inc,Common stocks,Large cap,Communication Services,"$15,833,742,102 ",0.00%,0,0,0,Analyze
CPB,Campbell Soup,Common stocks,Large cap,Consumer Staples,"$15,749,306,231 ",2.78%,0,0,0,Analyze
HWM,Howmet Aerospace Inc.,Common stocks,Large cap,Industrials,"$15,729,331,647 ",0.26%,0,0,0,Analyze
CPRT,Copart Inc,Common stocks,Large cap,Industrials,"$15,681,617,348 ",0.00%,0,0,0,Analyze
AVY,Avery Dennison Corp,Common stocks,Large cap,Materials,"$15,627,829,392 ",1.48%,0,0,0,Analyze
IRM,Iron Mountain Incorporated,REITs,Large cap,Real Estate,"$15,527,036,716 ",4.55%,0,0,0,Analyze
COO,"Cooper Companies, Inc.",Common stocks,Large cap,Health Care,"$15,450,227,904 ",0.02%,0,0,0,Analyze
ALGN,Align Technology Inc,Common stocks,Large cap,Health Care,"$15,331,892,254 ",0.00%,0,0,0,Analyze
SWKS,Skyworks Solutions Inc,Common stocks,Large cap,Information Technology,"$15,240,726,879 ",2.46%,0,0,0,Analyze
EXPE,Expedia Inc,Common stocks,Large cap,Consumer Discretionary,"$15,189,241,733 ",0.00%,0,0,0,Analyze
RCL,Royal Caribbean Cruises Ltd,Common stocks,Large cap,Consumer Discretionary,"$15,142,500,770 ",0.00%,0,0,0,Analyze
ETSY,Etsy Inc,Common stocks,Large cap,Consumer Discretionary,"$15,081,341,037 ",0.00%,0,0,0,Analyze
APA,Apache Corp,Common stocks,Large cap,Energy,"$15,040,322,051 ",1.33%,0,0,0,Analyze
GEN,Gen Digital Inc.,Common stocks,Large cap,Information Technology,"$15,000,818,059 ",2.16%,0,0,0,Analyze
TXT,Textron Inc,Common stocks,Large cap,Industrials,"$14,854,090,233 ",0.11%,0,0,0,Analyze
LDOS,Leidos Holdings Inc,Common stocks,Large cap,Industrials,"$14,698,228,064 ",1.33%,0,0,0,Analyze
LKQ,LKQ Corp,Common stocks,Large cap,Consumer Discretionary,"$14,651,876,177 ",1.86%,0,0,0,Analyze
TER,Teradyne Inc,Common stocks,Large cap,Information Technology,"$14,645,750,408 ",0.35%,0,0,0,Analyze
PTC,PTC Inc,Common stocks,Large cap,Information Technology,"$14,587,669,110 ",0.00%,0,0,0,Analyze
TRMB,Trimble Inc,Common stocks,Large cap,Information Technology,"$14,479,335,609 ",0.00%,0,0,0,Analyze
AKAM,Akamai Technologies Inc,Common stocks,Large cap,Information Technology,"$14,453,711,481 ",0.00%,0,0,0,Analyze
NVR,"NVR, Inc.",Common stocks,Large cap,Consumer Discretionary,"$14,383,632,744 ",0.00%,0,0,0,Analyze
UAL,United Continental Holdings Inc,Common stocks,Large cap,Industrials,"$14,275,475,856 ",0.00%,0,0,0,Analyze
LNT,Alliant Energy Corp,Common stocks,Large cap,Utilities,"$14,049,691,825 ",3.02%,0,0,0,Analyze
FLT,Fleetcor Technologies Inc,Common stocks,Large cap,Information Technology,"$14,000,410,878 ",0.00%,0,0,0,Analyze
KIM,Kimco Realty Corporation,REITs,Large cap,Real Estate,"$13,995,768,560 ",3.40%,0,0,0,Analyze
ZBRA,Zebra Technologies Corp,Common stocks,Large cap,Information Technology,"$13,974,121,127 ",0.00%,0,0,0,Analyze
TYL,Tyler Technologies Inc,Common stocks,Large cap,Information Technology,"$13,867,751,630 ",0.00%,0,0,0,Analyze
DPZ,Dominos Pizza Inc,Common stocks,Large cap,Consumer Discretionary,"$13,867,352,729 ",1.08%,0,0,0,Analyze
JKHY,"Jack Henry & Associates, Inc.",Common stocks,Large cap,Information Technology,"$13,864,769,236 ",1.01%,0,0,0,Analyze
MGM,MGM Resorts International,Common stocks,Large cap,Consumer Discretionary,"$13,778,648,220 ",0.03%,0,0,0,Analyze
ESS,"Essex Property Trust, Inc",REITs,Large cap,Real Estate,"$13,718,742,610 ",4.05%,0,0,0,Analyze
L,Loews Corp,Common stocks,Large cap,Financials,"$13,606,944,350 ",0.44%,0,0,0,Analyze
PEAK,"Healthpeak Properties, Inc.",REITs,Large cap,Real Estate,"$13,578,264,037 ",4.67%,0,0,0,Analyze
MTCH,Match Group Inc,Common stocks,Large cap,Communication Services,"$13,482,105,737 ",0.00%,0,0,0,Analyze
NDSN,Nordson Corp,Common stocks,Large cap,Industrials,"$13,410,187,142 ",0.93%,0,0,0,Analyze
EVRG,Evergy Inc,Common stocks,Large cap,Utilities,"$13,388,857,337 ",3.94%,0,0,0,Analyze
VTRS,Viatris Inc.,Common stocks,Large cap,Health Care,"$13,363,784,270 ",4.28%,0,0,0,Analyze
IPG,Interpublic Group Of Companies Inc,Common stocks,Large cap,Communication Services,"$13,295,315,850 ",3.29%,0,0,0,Analyze
BEN,Franklin Resources Inc,Common stocks,Large cap,Financials,"$13,263,280,272 ",4.29%,0,0,0,Analyze
CBOE,"Cboe Global Markets, Inc.",Common stocks,Large cap,Financials,"$13,243,298,727 ",1.54%,0,0,0,Analyze
TECH,Bio-Techne Corp,Common stocks,Large cap,Health Care,"$13,197,998,587 ",0.38%,0,0,0,Analyze
SIVB,SVB Financial Group,Common stocks,Large cap,Financials,"$13,132,936,353 ",0.00%,0,0,0,Analyze
VFC,VF Corp,Common stocks,Large cap,Consumer Discretionary,"$13,117,991,030 ",5.83%,0,0,0,Analyze
IP,International Paper,Common stocks,Large cap,Materials,"$13,092,213,031 ",4.94%,0,0,0,Analyze
HST,"Host Hotels & Resorts, Inc",REITs,Large cap,Real Estate,"$13,063,557,193 ",1.15%,0,0,0,Analyze
UDR,"UDR, Inc",REITs,Large cap,Real Estate,"$13,060,736,214 ",3.70%,0,0,0,Analyze
POOL,Pool Corp,Common stocks,Large cap,Consumer Discretionary,"$12,980,034,917 ",1.14%,0,0,0,Analyze
RE,Everest Re Group Ltd,Common stocks,Large cap,Financials,"$12,881,771,333 ",2.42%,0,0,0,Analyze
PARA,Paramount Global - Class B,Common stocks,Large cap,Communication Services,"$12,876,741,979 ",4.85%,0,0,0,Analyze
SNA,Snap On Inc,Common stocks,Large cap,Industrials,"$12,819,304,288 ",2.41%,0,0,0,Analyze
CPT,Camden Property Trust,REITs,Large cap,Real Estate,"$12,504,260,748 ",3.08%,0,0,0,Analyze
LW,Lamb Weston Holdings Inc,Common stocks,Large cap,Consumer Staples,"$12,427,016,026 ",1.13%,0,0,0,Analyze
PKG,Packaging Corp Of America,Common stocks,Large cap,Materials,"$12,339,472,908 ",3.33%,0,0,0,Analyze
CRL,Charles River Laboratories International,Common stocks,Large cap,Health Care,"$12,265,826,388 ",0.00%,0,0,0,Analyze
SWK,Stanley Black & Decker Inc,Common stocks,Large cap,Industrials,"$12,172,650,152 ",3.81%,0,0,0,Analyze
BIO,Bio Rad Laboratories Inc Class A,Common stocks,Large cap,Health Care,"$11,982,302,847 ",0.00%,0,0,0,Analyze
WDC,Western Digital Corp,Common stocks,Large cap,Information Technology,"$11,753,060,915 ",0.00%,0,0,0,Analyze
CHRW,"C.H. Robinson Worldwide, Inc.",Common stocks,Large cap,Industrials,"$11,542,590,432 ",2.23%,0,0,0,Analyze
STX,Seagate Technology Plc,Common stocks,Large cap,Information Technology,"$11,442,135,600 ",5.03%,0,0,0,Analyze
MAS,Masco Corp,Common stocks,Large cap,Industrials,"$11,429,815,954 ",2.19%,0,0,0,Analyze
GL,Globe Life Inc.,Common stocks,Large cap,Financials,"$11,358,244,640 ",0.70%,0,0,0,Analyze
CE,Celanese Corporation,Common stocks,Large cap,Materials,"$11,300,373,560 ",2.60%,0,0,0,Analyze
REG,Regency Centers Corporation,REITs,Large cap,Real Estate,"$11,253,030,067 ",3.74%,0,0,0,Analyze
NI,Nisource Inc,Common stocks,Large cap,Utilities,"$11,038,731,416 ",3.41%,0,0,0,Analyze
BXP,"Boston Properties, Inc",REITs,Large cap,Real Estate,"$10,994,775,500 ",5.50%,0,0,0,Analyze
HSIC,Henry Schein Inc,Common stocks,Large cap,Health Care,"$10,898,025,030 ",0.00%,0,0,0,Analyze
CCL,Carnival Corp,Common stocks,Large cap,Consumer Discretionary,"$10,826,637,213 ",0.00%,0,0,0,Analyze
TFX,Teleflex Inc,Common stocks,Large cap,Health Care,"$10,587,251,444 ",0.60%,0,0,0,Analyze
CZR,Caesars Entertainment Corp,Common stocks,Large cap,Consumer Discretionary,"$10,545,924,061 ",0.00%,0,0,0,Analyze
NWS,News Corp Class B,Common stocks,Large cap,Communication Services,"$10,542,013,817 ",1.08%,0,0,0,Analyze
NWSA,News Corp Class A,Common stocks,Large cap,Communication Services,"$10,542,013,817 ",1.09%,0,0,0,Analyze
KMX,Carmax Inc,Common stocks,Large cap,Consumer Discretionary,"$10,522,251,546 ",0.00%,0,0,0,Analyze
EMN,Eastman Chemical,Common stocks,Large cap,Materials,"$10,424,762,824 ",3.46%,0,0,0,Analyze
JNPR,Juniper Networks Inc,Common stocks,Large cap,Information Technology,"$10,298,146,745 ",2.60%,0,0,0,Analyze
PHM,Pultegroup Inc,Common stocks,Large cap,Consumer Discretionary,"$10,183,541,663 ",1.34%,0,0,0,Analyze
CDAY,Ceridian HCM Holding Inc.,Common stocks,Large cap,Information Technology,"$10,141,650,830 ",0.00%,0,0,0,Analyze
ALLE,Allegion PLC,Common stocks,Large cap,Industrials,"$10,013,431,260 ",1.39%,0,0,0,Analyze
QRVO,"Qorvo, Inc.",Common stocks,Mid cap,Information Technology,"$9,893,584,775 ",0.00%,0,0,0,Analyze
BWA,BorgWarner Inc,Common stocks,Mid cap,Consumer Discretionary,"$9,836,806,599 ",1.61%,0,0,0,Analyze
NRG,NRG Energy Inc,Common stocks,Mid cap,Utilities,"$9,777,505,660 ",3.26%,0,0,0,Analyze
MKTX,Marketaxess Holdings Inc,Common stocks,Mid cap,Financials,"$9,665,512,515 ",1.09%,0,0,0,Analyze
WRK,Westrock,Common stocks,Mid cap,Materials,"$9,572,935,191 ",2.70%,0,0,0,Analyze
UHS,Universal Health Services Inc.,Common stocks,Mid cap,Health Care,"$9,460,593,172 ",0.62%,0,0,0,Analyze
FFIV,F5 Networks Inc,Common stocks,Mid cap,Information Technology,"$9,401,203,635 ",0.00%,0,0,0,Analyze
AOS,A O Smith Corp,Common stocks,Mid cap,Industrials,"$9,400,278,176 ",1.84%,0,0,0,Analyze
CMA,Comerica Inc,Common stocks,Mid cap,Financials,"$9,395,836,063 ",3.74%,0,0,0,Analyze
AAL,American Airlines Group Inc,Common stocks,Mid cap,Industrials,"$9,371,570,791 ",0.00%,0,0,0,Analyze
BBWI,"Bath & Body Works, Inc.",Common stocks,Mid cap,Consumer Discretionary,"$9,226,322,366 ",1.96%,0,0,0,Analyze
HII,Huntington Ingalls Industries Inc,Common stocks,Mid cap,Industrials,"$9,081,246,723 ",2.08%,0,0,0,Analyze
AAP,Advance Auto Parts Inc,Common stocks,Mid cap,Consumer Discretionary,"$9,050,800,881 ",3.61%,0,0,0,Analyze
TPR,Tapestry,Common stocks,Mid cap,Consumer Discretionary,"$8,905,929,685 ",2.81%,0,0,0,Analyze
FRT,Federal Realty Investment Trust,REITs,Mid cap,Real Estate,"$8,894,874,235 ",2.92%,0,0,0,Analyze
IVZ,Invesco Ltd,Common stocks,Mid cap,Financials,"$8,781,890,780 ",3.69%,0,0,0,Analyze
PNW,Pinnacle West Corp,Common stocks,Mid cap,Utilities,"$8,642,780,107 ",4.39%,0,0,0,Analyze
HAS,Hasbro Inc,Common stocks,Mid cap,Consumer Discretionary,"$8,585,148,960 ",4.41%,0,0,0,Analyze
WYNN,Wynn Resorts Ltd,Common stocks,Mid cap,Consumer Discretionary,"$8,539,312,218 ",0.00%,0,0,0,Analyze
FBHS,Fortune Brands Home And Security,Common stocks,Mid cap,Industrials,"$8,490,937,845 ",1.68%,0,0,0,Analyze
SBNY,Signature Bank,Common stocks,Mid cap,Financials,"$8,458,852,212 ",1.60%,0,0,0,Analyze
DISH,Dish Network Corp Class A,Common stocks,Mid cap,Communication Services,"$8,432,921,470 ",0.00%,0,0,0,Analyze
RHI,Robert Half,Common stocks,Mid cap,Industrials,"$8,369,577,067 ",2.21%,0,0,0,Analyze
WHR,Whirlpool Corp,Common stocks,Mid cap,Consumer Discretionary,"$8,081,863,816 ",4.64%,0,0,0,Analyze
ZION,Zions Bancorporation,Common stocks,Mid cap,Financials,"$7,708,306,686 ",3.03%,0,0,0,Analyze
CTLT,Catalent Inc,Common stocks,Mid cap,Health Care,"$7,590,864,184 ",0.00%,0,0,0,Analyze
PNR,Pentair,Common stocks,Mid cap,Industrials,"$7,558,699,366 ",1.82%,0,0,0,Analyze
SEE,Sealed Air Corp,Common stocks,Mid cap,Materials,"$7,533,763,746 ",1.53%,0,0,0,Analyze
RL,Ralph Lauren Corp Class A,Common stocks,Mid cap,Consumer Discretionary,"$7,259,238,000 ",2.65%,0,0,0,Analyze
NCLH,Norwegian Cruise Line Holdings Ltd,Common stocks,Mid cap,Consumer Discretionary,"$6,877,184,352 ",0.00%,0,0,0,Analyze
DXC,DXC Technology Company,Common stocks,Mid cap,Information Technology,"$6,812,231,253 ",0.00%,0,0,0,Analyze
GNRC,Generac Holdings Inc,Common stocks,Mid cap,Industrials,"$6,780,402,142 ",0.00%,0,0,0,Analyze
AIZ,Assurant Inc,Common stocks,Mid cap,Financials,"$6,711,704,740 ",2.13%,0,0,0,Analyze
XRAY,Dentsply Sirona Inc,Common stocks,Mid cap,Health Care,"$6,657,970,228 ",1.56%,0,0,0,Analyze
LNC,Lincoln National Corp,Common stocks,Mid cap,Financials,"$6,555,407,075 ",4.58%,0,0,0,Analyze
DVA,Davita Inc,Common stocks,Mid cap,Health Care,"$6,513,329,000 ",0.00%,0,0,0,Analyze
MHK,Mohawk Industries Inc,Common stocks,Mid cap,Consumer Discretionary,"$6,486,824,667 ",0.00%,0,0,0,Analyze
OGN,Organon & Co.,Common stocks,Mid cap,Health Care,"$6,310,780,987 ",4.40%,0,0,0,Analyze
LUMN,"CenturyLink, Inc.",Common stocks,Mid cap,Communication Services,"$6,083,347,117 ",16.45%,0,0,0,Analyze
ALK,Alaska Air Group Inc,Common stocks,Mid cap,Industrials,"$5,877,665,089 ",0.00%,0,0,0,Analyze
NWL,Newell Brands Inc,Common stocks,Mid cap,Consumer Discretionary,"$5,451,248,000 ",6.86%,0,0,0,Analyze
VNO,Vornado Realty Trust,REITs,Mid cap,Real Estate,"$4,730,199,427 ",8.34%,0,0,0,Analyze
TAP,Molson Coors Brewing Class B,Common stocks,Small cap,Consumer Staples,"$802,846,369 ",2.65%,0,0,0,Analyze
